,A,B,C,D
2000-01-01,0.840057886185134,-2.2273112260197547,0.991131280017286,-0.8801662000338049
2000-01-02,1.582691353242593,-1.4553319962826858,-1.394454048846025,-1.3938110947703102
2000-01-03,2.673898130188548,0.31750727361084086,-2.9547737290113725,-1.514541070073596
2000-01-04,3.8368266850358395,-0.3481337821671525,-2.8882903673014497,-1.7642668754267476
2000-01-05,4.376381853864107,0.4023965555567448,-2.0551141671087754,-3.0033949672030853
2000-01-06,5.533580314445586,0.5387636015155919,-0.9386263118293654,-2.873430549955526
2000-01-07,6.023563644775939,-1.3915852351072358,-0.25241459063102245,-2.372036799409645
2000-01-08,6.339669209224919,-1.929941165788899,0.5302455798096519,-1.8290518149421473
2000-01-09,5.399264640798407,-3.0598567512047543,-0.8413915044703479,-1.8645329575305192
2000-01-10,4.833163846188209,-2.7249887874662315,-1.9295001526730016,-3.090450931714917
2000-01-11,4.818879985977034,-1.0059676659599504,-1.7954864462089073,-3.9344744813341928
2000-01-12,5.297478736446502,-0.05757271329493907,0.06977144736284524,-2.184279697808938
2000-01-13,5.789608983976242,-0.5089289717249393,0.6002812251871223,-1.3097396207729752
2000-01-14,6.031013545523634,1.3027063227225875,0.8554787831041688,-2.667968061972909
2000-01-15,7.339554100724627,-0.3093575349765296,3.090878720478324,-2.302701635844087
2000-01-16,7.363041724781528,-0.17219491375082227,3.10045386873786,-1.2954529133034927
2000-01-17,5.604696267655965,0.09426029834297658,3.3342930821507535,-0.14563052543303212
2000-01-18,6.699434801655097,1.2049982146245488,4.085262623362628,-0.3890346589469956
2000-01-19,8.722050339610448,2.238730968387763,3.858544465763464,-1.5245344723490288
2000-01-20,9.497058519965986,3.0845497322501174,4.591744885273593,-1.8205272459697528
2000-01-21,9.696979769544956,3.6618903179643514,4.6637624648836145,-0.9167890935862087
2000-01-22,10.073569113929166,4.834670150880257,5.547810498153364,0.5423286875698613
2000-01-23,10.98055761568603,4.342634398096932,7.083824887147102,-2.1043309692054377
2000-01-24,9.20134969982957,3.8922777622885842,7.452972842294861,-2.285928761420185
2000-01-25,9.798239664543896,4.235404499777157,6.791590150540649,-2.7890115187121842
2000-01-26,11.661240674775046,3.5823830322205663,7.638266062425312,-2.4034458006761175
2000-01-27,10.281140389056672,3.8547431913184647,8.148779544798975,-2.8190887694819606
2000-01-28,11.893193357828276,4.961005656662597,6.292184720224727,-5.045436766507727
2000-01-29,11.186341850015662,4.597160964282746,7.126824473934313,-5.7090403710062105
2000-01-30,10.484292020948466,3.708313415912106,4.676204220750256,-4.851238362658114
2000-01-31,10.754134806130075,4.651483081076831,5.136597987147321,-5.672143015008836
2000-02-01,10.160643275366082,4.071242687861826,4.298264003091616,-4.6128263980457405
2000-02-02,11.511180813719387,4.1424460496579245,2.0383204902673224,-5.303357420875688
2000-02-03,11.346341180760591,2.4512476563785643,1.9326954619977414,-5.008090612977128
2000-02-04,12.347986044901957,3.6878635761447103,2.663828841650472,-3.8958341558768788
2000-02-05,11.086705895585899,4.380843808054537,2.2061883308051056,-5.468867524928321
2000-02-06,11.166634593608046,3.8545724708864295,3.287770742665506,-5.184385326893023
2000-02-07,10.60687826887806,3.083382789268125,3.195432583183633,-3.3401882072086106
2000-02-08,9.993248366482382,3.9128452797112825,1.0297905827301235,-1.6353964157771177
2000-02-09,9.62407266440144,4.407916073901981,0.7446826306162502,0.5626803584244024
2000-02-10,9.68364518839507,1.7974960640416384,-0.3015444674072558,2.3163235550122563
2000-02-11,8.91618856714887,2.6667297330890136,-1.3233535299604402,-0.9704771991005936
2000-02-12,8.937952395866379,3.200859799629563,-1.9329312084332564,0.8391190369028008
2000-02-13,8.206904585251745,1.6631160507694522,-2.354675653939056,1.205229886372965
2000-02-14,9.452554866974028,0.20734783865918494,-2.1373658808599756,1.2767860337518044
2000-02-15,8.684811338938012,-0.5649005046881184,-1.70019370427196,0.9258780141111533
2000-02-16,8.638002163830636,-0.6473242029638655,-0.926518767653971,1.0078415487417676
2000-02-17,7.480103192639673,-1.5949374271925238,-0.7974842122491533,-1.0040094816406615
2000-02-18,6.99761768688613,-3.302004219837178,2.234264238139554,-1.750191686016846
2000-02-19,6.6030604177721415,-3.215635715858125,4.5687027759776235,-1.778462277537242
2000-02-20,6.214802995787689,-4.201746498489343,4.3668609385336845,-1.2924441189518876
2000-02-21,7.522624606315065,-4.7476134398879015,4.844713720831422,-1.8242591223151536
2000-02-22,8.620972882612602,-4.971476113995315,4.145676563004538,-3.2629171748005463
2000-02-23,7.812787863053642,-4.302523250727144,3.00349196679804,-3.630634224303403
2000-02-24,6.282086511168246,-4.233936017147102,2.480678390212946,-4.596551122720474
2000-02-25,7.778173932405182,-2.283048833351217,1.269715010440573,-5.610160276667719
2000-02-26,5.52906275211947,-1.3651253910222958,2.2584559743049306,-5.8373870627948605
2000-02-27,5.464475015336028,-0.9102715361997716,3.3413755955311637,-6.643652785868931
2000-02-28,6.290716155317985,-0.1450580730923109,4.620868014296705,-8.417834681461587
2000-02-29,4.838908221932467,-1.2260424377085894,6.14977554310625,-8.303892261998392
2000-03-01,3.847413450271635,-0.9574063077306896,6.51886244088773,-7.6195427348814615
2000-03-02,5.041510581131364,-0.6146881066530807,4.565155391995481,-5.856556215289469
2000-03-03,5.432287375269508,-1.1277536536798998,4.35057992822584,-5.225080264406481
2000-03-04,3.657721694270034,0.13261771385068077,5.1850455550437555,-6.85912461180459
2000-03-05,4.632085299876395,-0.5833266027303947,5.680038251958504,-6.842871443839982
2000-03-06,4.310993592920388,0.3705786263416925,5.509041011846481,-7.999991299374077
2000-03-07,4.446959238031316,-0.7303344824412698,5.503214525534722,-8.760756507187537
2000-03-08,3.6220912201224102,-1.547745023682267,3.603615726767849,-8.213485299933618
2000-03-09,2.7491024834637843,-3.5407002109463805,3.7803317268772827,-8.699398339366722
2000-03-10,2.5296158110225044,-3.7987494237836574,3.4723962891403706,-8.651493807240765
2000-03-11,2.3943538295480566,-5.549632222002594,4.200555640344022,-8.456593959477702
2000-03-12,1.6029393623603685,-6.7679318907387165,2.85058845304469,-8.904592367835269
2000-03-13,1.331079092943789,-6.5215127427767134,2.088931285922831,-8.669288515960465
2000-03-14,1.9893631336455027,-6.452740561423604,3.3323421679243044,-8.897978815323151
2000-03-15,2.1318396537840543,-6.677412489359099,2.9689536208639407,-8.731587892632104
2000-03-16,3.1669250186731484,-8.467949949172386,2.777470061295493,-9.103886503005247
2000-03-17,2.2350754579332714,-8.546491862313163,3.2223387635098084,-7.251183041822741
2000-03-18,3.6646020476196,-9.123584668742476,3.5123900900206104,-6.740284402021641
2000-03-19,3.4541940289829136,-8.913065808135181,5.88655883855861,-6.86266981543449
2000-03-20,3.6203197935406792,-10.537633376821983,6.991701421651443,-5.93261200880871
2000-03-21,4.278329489708031,-10.7056747857725,7.388838997445645,-6.9590132357861085
2000-03-22,2.7656604015459427,-11.628236578770622,7.758254097453221,-5.341137653145897
2000-03-23,3.7198824531154564,-12.85611712054482,6.2723906363508934,-3.46127563398671
2000-03-24,3.153104253854697,-14.472124548355897,7.720833074744856,-3.094407158205856
2000-03-25,3.694856249540327,-15.367135675258227,9.07024334547549,-3.305914703483777
2000-03-26,2.764314018265368,-13.91562649405695,9.69498163761729,-4.322266746567927
2000-03-27,2.771142017612488,-16.19392253315939,11.090765406895688,-2.9489010573705055
2000-03-28,3.2005591497514403,-16.962752128724325,11.095146557964865,-2.6212054083622034
2000-03-29,3.544194536344129,-15.389744659079089,10.484674639838806,-4.4836146498490645
2000-03-30,3.0165874376172916,-15.49520938104132,11.459220782729378,-5.473689433598615
2000-03-31,1.5026142649622558,-14.89619097229816,11.676572470528388,-4.272241588741681
2000-04-01,1.327483549025217,-15.487234564950416,10.966136719023682,-4.636047075090094
2000-04-02,-0.8561245414000307,-14.562328465621475,11.063277761588358,-3.500000192072191
2000-04-03,0.4382458560887077,-14.042146586128458,11.307274653256677,-4.581977928059615
2000-04-04,1.916683778500836,-12.344987097009284,11.325585513135008,-5.408974580029967
2000-04-05,2.3135388869298867,-12.589795768233124,11.400011981574181,-7.541720498157359
2000-04-06,3.4920537522375836,-13.937787993792279,11.79456191526044,-7.385520132295293
2000-04-07,5.745368477247989,-12.37475702768805,12.533839779414969,-8.248184728207914
2000-04-08,4.089651981022056,-11.666165717218869,12.165482295172849,-8.600459280039406
2000-04-09,3.0594832801224614,-11.033291612442168,10.822744886533002,-9.824185614927703
2000-04-10,3.3940230740762556,-11.02709143639,9.69814040623875,-9.855086253398
2000-04-11,3.290681287587568,-9.161393929930561,9.17021437654125,-10.042051491925852
2000-04-12,3.153037666121429,-9.583540239349045,9.0539724325377,-10.023930086740092
2000-04-13,0.7627057860388646,-7.293531072278411,9.615703049905006,-9.951579103667022
2000-04-14,2.562146127398896,-6.418830491597992,9.745637563705378,-10.634811868766967
2000-04-15,2.761579321959992,-5.775394299931399,10.514041659897092,-11.706435470796801
2000-04-16,2.67424248643486,-4.88345921328296,9.83214042181635,-11.21178176505593
2000-04-17,2.2877691194411676,-5.19385432050603,11.008644715695578,-11.014938252472541
2000-04-18,1.6988772352199688,-5.869068234496572,10.722188209788607,-11.721116732018096
2000-04-19,0.5849126819983226,-6.489327232148486,8.866571936835161,-10.183903082061438
2000-04-20,-0.9803819713348467,-6.237555167401256,8.239715783354402,-10.84210626894796
2000-04-21,-1.5394258805828502,-6.074875942580343,6.950050261186632,-11.150608877460703
2000-04-22,-1.5814037376637735,-7.180808785769423,6.160041929442449,-12.628515702622394
2000-04-23,-1.4256625241941487,-7.388874906690914,6.833506568211762,-10.911716645651897
2000-04-24,-1.0185896660378977,-7.714831996713961,8.366068472058888,-12.88147537948926
2000-04-25,-2.8640522736380247,-7.3887404684763744,8.086525018834926,-13.889340431141877
2000-04-26,-0.9215442938798939,-8.29096597488135,7.565625039485277,-12.715219016718708
2000-04-27,-1.816318557399748,-7.814509234865786,7.875139894851384,-14.87305463690258
2000-04-28,-3.2305643688408976,-6.631074470911821,8.987904675535203,-15.145522262564912
2000-04-29,-2.9672645130231365,-5.139956436053373,9.45788083190192,-13.639060647172267
2000-04-30,-0.7091271185074861,-4.192720598526347,9.212266724742678,-14.180503916979601
2000-05-01,-0.40791379726499283,-6.499584757000097,10.459911307949673,-13.962730109761694
2000-05-02,-0.9792953844381922,-7.290714784196439,11.50914048022866,-13.604428232538304
2000-05-03,-1.960077761955954,-7.656109863382924,12.56509710475532,-13.230486848901881
2000-05-04,-0.6141690231031822,-8.090869414283924,12.01088721749681,-13.381366059118115
2000-05-05,-1.1355214168146175,-7.408828466703194,12.0325818159202,-12.893321752089411
2000-05-06,0.20290439793928527,-6.939879764341791,13.06666962129453,-11.623933377490824
2000-05-07,-0.7804501571075484,-6.387323222532387,13.269368037861947,-12.098742725711016
2000-05-08,-0.8271011875982883,-5.240022576790114,13.115900430404155,-11.617121874005846
2000-05-09,-1.060576161268615,-6.541355637655366,12.992123547947193,-12.159899896370368
2000-05-10,-1.8793729415988334,-4.5031848093283875,14.19253622404527,-10.371761100083758
2000-05-11,-1.3135748512433527,-5.36355806706736,14.214339107250828,-11.333108600644914
2000-05-12,-0.3598373727288716,-6.475478919037688,12.359985842241567,-10.930298460699714
2000-05-13,-0.20338093317194786,-6.519527413717071,11.159768059172643,-8.856392729852907
2000-05-14,-0.02159855177468148,-5.981256989719583,11.954182693198987,-9.17003822523137
2000-05-15,0.1545930425012424,-5.863334311337276,10.77452075547382,-8.165293332783834
2000-05-16,0.06496044854015222,-6.989367968005855,10.784781262940912,-7.434277932560308
2000-05-17,-0.3540287174588979,-7.775389704163869,8.636406383637377,-6.5670617489162915
2000-05-18,0.4270976619095153,-7.601370931928044,9.30343131135622,-7.2524677948521665
2000-05-19,-0.31200350530823456,-8.642641895815201,9.641525317319932,-7.308861301583593
2000-05-20,-1.1072670895263,-8.33415981335766,10.798680813566511,-6.867992164479073
2000-05-21,-0.8014501284166511,-10.653872744927874,9.922893105178549,-7.056410402929334
2000-05-22,-0.8355547070694248,-10.630793982309545,10.41509767755494,-9.855920107510098
2000-05-23,-1.279182088080975,-9.165745483965408,11.123694412165392,-10.14087519212468
2000-05-24,-1.2312521199903483,-9.971180572616055,9.414768641516517,-9.712154178519897
2000-05-25,-0.817717932390855,-10.623696420826906,7.76016347185088,-9.794333794711314
2000-05-26,-0.3138809481046244,-11.428392230100437,6.855372110587676,-9.4702771254441
2000-05-27,-0.3093886870349692,-11.77072924928532,6.424512872553706,-9.76651493468345
2000-05-28,0.620628847399588,-12.630114812893758,7.029571522109798,-7.589779695344548
2000-05-29,1.5352622379139338,-12.89337499716609,7.22850629293649,-8.705460937296994
2000-05-30,1.2580218572681683,-10.313856589070584,8.2424399434174,-8.51827620900865
2000-05-31,1.1228014204205308,-11.130039501459368,9.77280033426563,-8.247923761808021
2000-06-01,-2.396228027717045,-12.763413194507725,9.664099606587301,-8.8144835047414
2000-06-02,-3.4110392289007496,-13.104081855029358,9.591319962429528,-8.421677357197257
2000-06-03,-3.940042653994893,-12.224445920715647,9.393049364855838,-8.330767018442378
2000-06-04,-5.035017396499164,-12.778290417858322,9.83218353675191,-7.7175917986638165
2000-06-05,-5.611685004803714,-12.248999772872942,9.682806511840639,-6.418116511111396
2000-06-06,-6.237185278635843,-13.094348453433629,10.157293106688725,-5.292324272878091
2000-06-07,-6.537164027411301,-11.508744034642836,10.2346870990994,-5.675879203713112
2000-06-08,-5.479444477028526,-11.16860285747746,8.843146940334433,-3.70452713114976
2000-06-09,-6.3708924498934625,-10.4032035304066,9.262597184271824,-5.155160875758865
2000-06-10,-7.265238961155274,-10.362956180119474,9.52675858694401,-4.8397166357463
2000-06-11,-7.635464395647599,-11.980539360659472,9.067950519528162,-5.441789232105453
2000-06-12,-7.860665851846467,-11.126615006367826,9.42600631457815,-6.100710920297649
2000-06-13,-7.508390892999887,-11.725461892920915,10.370530930493466,-7.615769213838343
2000-06-14,-10.716973855602351,-13.094705446791917,9.829408915152754,-7.367722938169393
2000-06-15,-11.270012607387503,-13.718445812363292,8.881183899885489,-8.453885106184963
2000-06-16,-14.2605932124455,-15.420293458964428,8.351269641953488,-8.959884086772599
2000-06-17,-15.875542416923034,-15.478021002639304,9.601338496900064,-9.289982063102244
2000-06-18,-16.076754200215504,-14.255012190533849,11.873532985473854,-10.42995070577658
2000-06-19,-16.06885603989992,-16.627315512926298,11.78537944860518,-10.922424342717829
2000-06-20,-16.28346158221044,-17.708232104840366,12.342827603348502,-10.76384685507146
2000-06-21,-16.78556490712607,-18.487851754777477,13.18257751226072,-11.325755804309638
2000-06-22,-17.393853284376114,-17.75989683467605,14.3774464067455,-10.217870963718706
2000-06-23,-17.200074995265734,-16.14700675155295,14.995680571786014,-10.249696992882072
2000-06-24,-17.450980638613363,-15.673163807340181,14.76019384647387,-8.927772925028517
2000-06-25,-17.101260720479623,-14.350713781667407,15.512435705573829,-9.953819353128116
2000-06-26,-18.48085638103389,-14.343481496326305,14.826257674301305,-10.417829651812495
2000-06-27,-18.371673272198276,-14.55466400017979,13.622318530587467,-11.357075592965494
2000-06-28,-18.337037125668225,-13.868045551253179,14.68584555985128,-10.929695606397754
2000-06-29,-18.1906406009839,-13.755666221225365,14.489777364153841,-12.211914196307742
2000-06-30,-18.825488491724347,-13.443624797216868,13.448917510262435,-11.958031641846118
2000-07-01,-19.062635908440683,-13.516740014401554,13.02343535450686,-12.12377785220531
2000-07-02,-19.0366234922571,-13.887822743603962,12.469106825442676,-13.033613057098608
2000-07-03,-18.478132437337106,-14.237634562883017,11.008917886747616,-10.825187127678163
2000-07-04,-17.435567618637894,-14.699499083233754,11.519798678662761,-11.243939641636791
2000-07-05,-17.48482125039186,-15.131691901613275,12.543205738538285,-10.944318715835918
2000-07-06,-18.71410400904387,-15.117411812765834,11.706703588592053,-9.97687761607057
2000-07-07,-19.68470375941976,-16.39589459089035,11.179085349271801,-8.756487067751554
2000-07-08,-17.60479727732957,-14.95218657487167,11.20225233765154,-8.884863411314663
2000-07-09,-17.860663561874308,-15.068545257725564,12.169609985117553,-9.729830987724664
2000-07-10,-19.003345324188956,-15.818843390772896,13.565209056309374,-8.859147996135803
2000-07-11,-21.22886752141607,-16.542905694081195,14.641395239961206,-9.298847450129003
2000-07-12,-21.308826775158924,-15.93256843124121,14.5818008913857,-8.805247744468474
2000-07-13,-21.50844421935235,-15.453500913440578,13.494251122809152,-10.31787983951616
2000-07-14,-23.27471530428291,-13.827929905054631,13.1071454401043,-10.376895320637294
2000-07-15,-22.122809467438707,-13.725399724722747,13.756813104828058,-10.6617156470754
2000-07-16,-21.41600340073405,-13.141070515130119,13.305797799571536,-11.280414835903503
2000-07-17,-21.31753022398387,-13.613558363323644,14.799512045418957,-8.909348537543242
2000-07-18,-22.307936801900446,-14.833255116854405,15.593366236655982,-10.253195503174185
2000-07-19,-22.33767680141251,-14.085949879024767,14.421613833540361,-10.584323837203954
2000-07-20,-22.24314247653998,-13.282359950545432,15.117074910598998,-10.563515959298801
2000-07-21,-21.914136188130094,-12.682547176016104,15.758862540258454,-10.459814530524564
2000-07-22,-23.128936839583822,-13.144311429239796,17.01544325005225,-12.374924986034879
2000-07-23,-23.21261178461545,-12.945449968125924,16.125126010023255,-13.243452792795983
2000-07-24,-23.02776004874351,-12.46072190449411,16.17582039052897,-12.871321194007942
2000-07-25,-25.09628257873528,-12.079862910047776,17.731059158993947,-12.337999149919973
2000-07-26,-22.70076557922016,-13.90540419799783,18.820557375958636,-11.33771310200519
2000-07-27,-23.42098362165482,-14.254295268396461,20.177974206089935,-9.168705685849108
2000-07-28,-23.091053226128434,-13.26704208518928,22.111542702002154,-8.340738548609975
2000-07-29,-23.58515877544823,-11.719239992801773,23.811007506952443,-8.484483795488282
2000-07-30,-22.150503977110223,-11.1864250696741,24.75433322487209,-8.021828250157974
2000-07-31,-19.909723851678663,-13.044486807980315,26.33416732898817,-8.467240908493032
2000-08-01,-19.75272358730445,-12.926130598954929,26.492399167812007,-7.436079956512024
2000-08-02,-20.059126249050784,-11.793283535761754,25.732097177081954,-8.053838533278789
2000-08-03,-17.981713780428755,-10.791751347206699,27.469624853721147,-8.19152681872058
2000-08-04,-18.05754734913476,-12.269912880207185,27.721812485968748,-7.4136327527289145
2000-08-05,-19.40216834447762,-12.667643470116849,28.159168558569313,-7.6206851876919375
2000-08-06,-17.44240244420068,-12.198821366872771,29.311327241046733,-6.667710528236975
2000-08-07,-18.199763696609388,-10.943323937317214,29.2437202963941,-6.61731771837254
2000-08-08,-17.03605902215678,-10.131483413636666,26.225299163032172,-5.224775526728562
2000-08-09,-17.133395997556566,-10.779487620937047,26.06201217647535,-4.83648332733097
2000-08-10,-17.601764884529224,-11.646575143769795,27.001838089050775,-5.122494583021908
2000-08-11,-18.77783079678248,-11.352385084428914,26.206966169012286,-5.880828856677568
2000-08-12,-18.447506783656667,-10.426533529496522,24.851850484653674,-5.227108710784002
2000-08-13,-18.956247111301035,-10.635127999978243,25.447785823269186,-5.883561067157932
2000-08-14,-20.34742259739239,-10.480059608820852,23.52495231927729,-4.6174693834911995
2000-08-15,-18.61731893053193,-8.87261430265096,23.687344229563458,-4.3958654107124095
2000-08-16,-16.57805499998651,-9.721462979961041,23.635960064336963,-6.23411702801149
2000-08-17,-16.2632619262114,-9.628736899249475,23.456742485244057,-7.448762766023022
2000-08-18,-16.982519426481876,-9.99046893845668,22.548040793447814,-7.1101828129031315
2000-08-19,-18.22852349054996,-8.288080976803645,22.31198878954465,-7.150065092832164
2000-08-20,-18.399818469617443,-6.06243140013817,22.888653726323625,-6.5277253141506115
2000-08-21,-20.051319921876978,-4.7615216855802425,24.336514821610063,-8.79818424623322
2000-08-22,-20.592595888381535,-5.584354884397671,24.8394363979178,-9.35936740988607
2000-08-23,-21.684685239000153,-5.56975908220816,24.289642715332203,-9.743469991598834
2000-08-24,-21.399046967077773,-4.762448334052634,24.606072260995937,-9.511937672945914
2000-08-25,-20.315129236733966,-4.713813112202339,24.24261304039408,-9.192795931594613
2000-08-26,-18.867525292175497,-5.06391672772127,24.671876564156783,-8.72344250551275
2000-08-27,-20.565752628658565,-5.668906304767295,22.668314353564423,-8.100138319928647
2000-08-28,-21.81075875201815,-5.496326327898139,20.99908010327997,-8.032903183366706
2000-08-29,-22.09930752559952,-5.192722612332493,21.884920220811267,-7.431651498824696
2000-08-30,-21.30188132775878,-4.774271598313834,20.404046357487715,-5.914478147224983
2000-08-31,-21.39661974092715,-4.70048939245014,19.24695297884941,-5.356604134660148
2000-09-01,-21.549602102443767,-3.7083311525125704,18.662149173566895,-3.0692244394875745
2000-09-02,-23.171473335728923,-4.547224628946362,19.306553944871858,-2.121692333169066
2000-09-03,-22.58465375825539,-5.127098730785546,19.228021238398384,-3.7565907808454284
2000-09-04,-21.346101511448907,-5.336003071945976,20.168896139205806,-3.7444836575429736
2000-09-05,-19.763306993802995,-3.0315044501886623,19.84299550984163,-5.62024275975139
2000-09-06,-18.082590777697927,-1.338203976017461,19.618304886021853,-5.584329256861292
2000-09-07,-19.134646635313754,0.08924279629360354,20.046014884870527,-5.868128106173882
2000-09-08,-19.545661280695242,1.220349031089641,18.618670186247478,-5.900441087726954
2000-09-09,-18.89598281826312,-0.42361561088571453,18.67468849184907,-5.221389005964448
2000-09-10,-17.71793515833819,0.053555802202299885,18.503098023807503,-4.39007254976657
2000-09-11,-17.793658914669333,-1.8905115830644137,18.945962283115737,-4.292247486053939
2000-09-12,-16.82218881638618,-2.2259067807554325,20.09693830295243,-5.110243651011134
2000-09-13,-15.695618165903142,-2.708171317625315,20.826235995652528,-5.511238747374103
2000-09-14,-14.670449196840385,-3.2785001808844187,19.352188373561006,-4.795601530368672
2000-09-15,-15.745408616567643,-2.6319463648517023,20.624874856188104,-5.356731020511724
2000-09-16,-15.814302600858495,-2.1607177629111205,20.569137481178426,-4.841390847852099
2000-09-17,-14.794702196055738,-2.4297455562563615,21.009655107763383,-4.097023770231137
2000-09-18,-15.412019539284138,-2.085885559787084,20.476473932592675,-3.395134955337669
2000-09-19,-16.4701064136449,-5.084067320185008,20.163233655762113,-2.676725180470648
2000-09-20,-16.224644443089858,-4.055448119747134,20.71511124534434,-2.0596255095141576
2000-09-21,-16.387327045277306,-3.563538928373665,20.607762615569065,-1.7870930660603945
2000-09-22,-16.217428793738726,-2.2429461225847644,21.140599903622014,-1.1359849199338992
2000-09-23,-15.27119031687608,-2.0520294197633913,20.79349133256443,-1.2695292951998132
2000-09-24,-15.396773692285501,-1.7623801722293844,21.207666646254825,-1.870661590165104
2000-09-25,-14.419975102772451,-2.1448918041969844,23.446647277247443,-1.3144174452469124
2000-09-26,-15.031647650504253,-1.3163685116286592,24.55969136411198,-0.8766141558041476
2000-09-27,-15.769391633210175,-1.6387637880655934,25.46661516578565,0.1578330780751851
2000-09-28,-14.192534337696669,-1.8288675329200723,25.05834687491552,-0.5805756949305199
2000-09-29,-15.859622748092495,-2.0200759299475566,23.732590332555546,0.931742154135718
2000-09-30,-13.071325102571187,-2.2748128500996456,24.69285642637284,-0.6510778592337232
2000-10-01,-12.776617005396337,-1.2536176193975594,24.707556980789285,-0.23194784030417387
2000-10-02,-12.016297114024853,-3.260059517164688,24.28172856787494,1.1565987199761825
2000-10-03,-12.352345539612754,-3.0483385461333805,24.34514509447006,2.169623731508614
2000-10-04,-14.141252568614235,-4.404647445078551,24.592043512712195,2.983550182103899
2000-10-05,-14.867830715907779,-4.353725669843266,27.170527458113593,3.0091964174019457
2000-10-06,-15.240430233781808,-3.9534894129687057,28.21740820853248,3.695904557378929
2000-10-07,-15.519945274958793,-2.183002298339632,27.43730468642902,4.090854794340609
2000-10-08,-15.151629173901853,-1.953446281415871,26.396881712943546,1.7329022544322243
2000-10-09,-15.403465953497433,-1.9745350526094534,26.70005867633727,2.9369058971204094
2000-10-10,-14.22496085286302,-2.059309050174025,26.047271503220163,3.2622066597406074
2000-10-11,-15.033491460503555,-1.140378195646167,26.47294067819856,2.1206617578702374
2000-10-12,-13.700836463973182,-0.32926996315869084,26.539260947559153,1.8023438692165312
2000-10-13,-14.098167718936423,-2.6040718112263495,28.166954079952525,-0.4627064886808592
2000-10-14,-13.714758460031101,-3.0154485456200617,29.22287727387092,-0.292599253535934
2000-10-15,-10.77602299547542,0.2676856172032869,28.63407066254257,-1.0190096864506732
2000-10-16,-11.073117037598161,-1.7495141986760245,28.966287600165987,-0.27306530519385586
2000-10-17,-10.72160253296481,-2.436863398003,28.723360695381007,-1.8869214914020207
2000-10-18,-9.792733990963425,-4.504003673125116,27.02147676223259,-0.7010626244274432
2000-10-19,-9.464429289800918,-5.411169748982332,26.205533997692775,-1.4163962085183344
2000-10-20,-9.049237727149825,-5.097731236145548,25.806700555405342,-1.3818786399460001
2000-10-21,-9.514117641763393,-4.491791786413245,26.105975667681363,-2.6655741472451933
2000-10-22,-10.743270538180338,-6.920983264568554,25.345861832776293,-3.4060483808704363
2000-10-23,-10.174718477704726,-7.682014475053587,24.951664469967533,-5.806626288249621
2000-10-24,-9.270024382475558,-9.499024759743405,25.354905561954016,-4.727299660703279
2000-10-25,-10.801319565211262,-9.258948867525408,24.83052885892515,-3.8268545535288823
2000-10-26,-11.258466150794707,-8.898456016978395,25.05507481089706,-4.576106428522304
2000-10-27,-10.273208045620171,-9.473526084542979,26.580877696498625,-4.450208504594311
2000-10-28,-9.931454641830538,-9.48492575791456,26.442049952818195,-3.3085578842724983
2000-10-29,-9.803461187082789,-9.237434191075367,25.755884561655837,-4.76954793337591
2000-10-30,-10.949266566529046,-10.225833646576799,25.86508777583689,-2.5262569443550555
2000-10-31,-11.695112615606456,-9.320995805097454,27.77063306201537,-2.7319638952234566
2000-11-01,-11.103236483966203,-9.908557162360173,28.72472701671522,-1.6786658094034423
2000-11-02,-11.230377234544898,-8.688416440002474,28.75150095796538,0.1088264114016626
2000-11-03,-10.46324484266556,-9.210098995899488,30.41573719161995,0.29657555255657236
2000-11-04,-9.271063227978644,-7.575025199667319,29.519571407678832,0.21033468522662385
2000-11-05,-9.453868754589777,-8.273470187304563,29.409156860828606,0.6527484598043098
2000-11-06,-8.705482518572227,-8.847500817591431,28.731312278632615,1.4947244820831593
2000-11-07,-8.797827799693827,-8.780574359655128,30.370028004878655,3.896536657934007
2000-11-08,-9.029845878056275,-9.972785251616724,29.96272076670483,6.485680056502712
2000-11-09,-10.974481213543518,-10.459406843054873,29.519420365321515,5.645025611548391
2000-11-10,-11.809726067954898,-12.11337252311441,27.647204522056175,4.009047588126644
2000-11-11,-11.71703679887928,-11.649492254677648,29.187534531865317,5.53363584698165
2000-11-12,-10.995200615562565,-11.198074092254187,28.83108339639115,6.11463604752105
2000-11-13,-10.884852487514712,-11.842309511521806,30.355971586174814,5.940246633062188
2000-11-14,-9.97502621333402,-11.420377282964859,29.68146589129196,6.645119538535615
2000-11-15,-9.873216200630191,-9.966733709553548,30.247277429003855,7.315359387633616
2000-11-16,-8.701213752013924,-10.8658211868957,30.715955798995875,5.9329732944594875
2000-11-17,-7.638178719780502,-10.941135100863946,30.81063784895356,3.6308607200232332
2000-11-18,-9.758632258190936,-11.404226195129986,32.00355006666604,3.8286026888364253
2000-11-19,-9.549763850684956,-12.58937266135626,31.96866186909978,5.25186583345095
2000-11-20,-10.481407109541113,-13.381070750849624,31.96685562477428,4.818450352372397
2000-11-21,-10.523963998552132,-14.570703710793142,30.987952971342114,3.601644795029901
2000-11-22,-10.817061587231379,-14.544137980908253,31.946206561701434,3.169778037965808
2000-11-23,-10.63357863226672,-14.734214849162205,33.09677784305933,2.7160151295064123
2000-11-24,-9.8502791417397,-15.733405713315747,32.80676873929398,2.8701744468443087
2000-11-25,-9.741380794372223,-16.47542206291787,33.77506032401269,3.6527639529152096
2000-11-26,-10.2658342015728,-15.979342350080278,34.29218382892156,3.6919301187279867
2000-11-27,-9.476835343414217,-13.544916554326132,33.815744474946875,3.9424685529624535
2000-11-28,-6.893175156396525,-12.374349954827792,35.55688568503671,3.165294367522358
2000-11-29,-6.318550258525113,-11.290673744595527,35.16748073036437,3.4417878915604185
2000-11-30,-6.909995372066597,-12.692184051180755,35.64570342869893,2.5350201329313964
2000-12-01,-6.151059042169234,-11.125222639895995,35.10898725697098,2.2838192540848374
2000-12-02,-5.750038455429298,-12.224338980876402,34.82138034427364,0.981789344706864
2000-12-03,-5.469642240254689,-9.740071658039875,33.43116951351333,1.946159328066811
2000-12-04,-4.041174603154094,-8.829789930337409,33.25118943108258,2.6487445891996355
2000-12-05,-2.7982266322871636,-6.425494595410149,33.923168008023495,2.317103357573058
2000-12-06,-4.08306721803155,-7.5343804352327135,36.16450045587042,0.8765876531816055
2000-12-07,-4.090507753170148,-9.170212730999083,36.08563458010954,-0.025180066364323905
2000-12-08,-4.580519196731674,-8.477170925690267,36.44278828344315,1.1525761764135756
2000-12-09,-3.9543631764564893,-9.245699966201357,36.791964084840146,0.9376579439112456
2000-12-10,-5.316972641272644,-9.278000696070114,37.779893615858455,1.3466306418046137
2000-12-11,-6.98326966950234,-8.4133541477105,38.71439369843804,1.8199582250494193
2000-12-12,-6.654853075521855,-9.116314849832587,38.646448924960346,6.914952002823327e-05
2000-12-13,-5.756020198769475,-9.323303002387739,37.64110474779188,0.1774284823068508
2000-12-14,-5.576111354199306,-10.500435570676265,39.921531959996756,1.2787575023434998
2000-12-15,-3.847753924044844,-9.65649321690377,39.877636991010675,0.35227032445528583
2000-12-16,-2.449684360786394,-9.803023020359875,40.90092965012357,0.43907521963642115
2000-12-17,-3.2483684947354394,-9.704905694433707,41.06421500667727,-0.6061044636553823
2000-12-18,-4.4026383243708,-8.92174045532022,40.3072781804616,-0.6500999520810736
2000-12-19,-3.3420356213448894,-7.84857685554824,40.53750938412874,-0.2638683309889355
2000-12-20,-4.062235304385766,-7.825047753709233,38.37358795144384,0.28165751635287994
2000-12-21,-4.547864175936067,-6.804969256331094,38.31448582506203,-0.35091813559543117
2000-12-22,-4.283787048998062,-7.327901833205954,39.72094717303941,-0.2948067667967962
2000-12-23,-2.5186658155287374,-7.601744878026935,40.0583242742724,0.38237792627571543
2000-12-24,-3.8954186443416106,-9.060550200079463,39.22164976457062,0.42093933044796145
2000-12-25,-4.395163889932241,-8.134341227561592,39.8331079121881,-0.5926071820504386
2000-12-26,-4.20294750099023,-7.986003172432446,39.819294170162856,-2.375516388085039
2000-12-27,-5.0095893479847415,-7.257953548582266,40.52926066759409,-2.205234016324406
2000-12-28,-6.017552100757474,-8.011365766176699,40.37250330934036,-2.427938194541068
2000-12-29,-6.2795100931432,-8.341116396752954,41.558663804393184,-1.8211851916212978
2000-12-30,-6.880471017880568,-8.944778559809848,40.667057173621075,-2.6122844280638122
2000-12-31,-7.084152075202878,-8.606902965107691,39.69538413213514,-3.3208390144621545
2001-01-01,-6.15495652097327,-7.95787136191125,39.88469787351822,-3.562443313601845
2001-01-02,-6.158428935599177,-10.10855385059565,39.334907121492186,-3.173772268225681
2001-01-03,-4.89453459640201,-9.075086219114466,40.70207515621535,-2.0187377975995395
2001-01-04,-4.649430207473754,-8.525007155440013,39.928075444638296,-1.8977887582586992
2001-01-05,-3.8623612390689233,-8.086848783676379,39.59853757246707,-2.3753354422191397
2001-01-06,-3.352845578647119,-10.510268569718205,39.423455592600824,-1.2760456271797394
2001-01-07,-2.744279111831166,-12.255133114823417,40.35887880564506,-0.3798091279324657
2001-01-08,-4.828655438318992,-12.212897539650738,39.455856995888084,-0.8964130966771805
2001-01-09,-6.121120491650478,-14.402557905298194,38.98361123043878,-2.1727236311740326
2001-01-10,-6.050917935846397,-14.30465731031437,38.255646911056054,-4.501828108655773
2001-01-11,-6.391605607704219,-14.64714456733319,38.70641825323653,-3.70095859573881
2001-01-12,-7.647859776355993,-14.011029614296328,40.498538993283255,-4.4183124757679
2001-01-13,-10.269478622495798,-11.953789168800352,40.472369362048696,-4.678815383456318
2001-01-14,-9.97733299974892,-12.160986158231948,39.713302478508794,-3.8534676188626023
2001-01-15,-11.913516657431513,-11.538887702363438,38.925748495694236,-2.4045224335834208
2001-01-16,-12.061349459016677,-11.979606484046819,37.36881437895298,-2.051218961231532
2001-01-17,-12.174229099804787,-13.246664983614545,37.15867674548354,-1.3377209300487563
2001-01-18,-13.008936453725239,-12.93726103649965,37.74679815740891,-1.935176081243891
2001-01-19,-12.180524980512114,-12.865938577388802,39.952863962423585,-0.4189743645164672
2001-01-20,-12.30640867703181,-12.587705333907401,39.35817762612401,0.3399935292455857
2001-01-21,-11.573402653625385,-11.437165412200475,39.46998304454293,1.3248112806009043
2001-01-22,-12.267122176938305,-11.480729725324712,39.98050220922799,0.6079861399457653
2001-01-23,-13.2546215917372,-11.984228154376746,39.702777082642115,0.8583826666439702
2001-01-24,-12.931144657600042,-11.099624422843046,38.91181870724635,0.5486458548469539
2001-01-25,-14.620124548484977,-12.23999498113637,40.40737209835528,1.2010467327443886
2001-01-26,-15.425946822220308,-12.080861408690458,40.34927679182069,2.500303362111505
2001-01-27,-14.828169556718017,-11.7411398111837,41.60549077091164,2.0327655111420087
2001-01-28,-14.825685358065854,-11.555372641469491,40.54269526756663,2.2997019122285245
2001-01-29,-13.586206423560638,-11.006633531530543,40.70434638624838,3.5529635957617627
2001-01-30,-12.849683270440588,-10.458924825297265,40.330437029849136,2.2168356071224204
2001-01-31,-13.719442938743793,-10.03398412800152,41.92648477999169,2.4636565585726418
2001-02-01,-14.976198726206308,-10.829884551356466,42.33164041766336,2.8289786533789107
2001-02-02,-17.013607495664,-10.088193342733144,41.83153295798964,3.788033143670722
2001-02-03,-16.67772591987257,-9.53663829622297,40.36379586309803,2.8253133089110776
2001-02-04,-16.34154127745179,-7.142961265774753,39.995106772974964,1.4506128940698924
2001-02-05,-14.73835138145974,-7.998096001755035,38.36703698358401,0.5330228395286865
2001-02-06,-13.0968087419717,-8.55214462065407,37.91667909166326,1.5015763835213636
2001-02-07,-12.537082458430115,-7.431477012475875,37.50125004727318,1.0562295575242802
2001-02-08,-12.397982725913486,-7.628111105190958,37.208723921442164,2.55238674231067
2001-02-09,-12.149992996785869,-8.599720013496759,36.87187849320583,2.7741614121860554
2001-02-10,-12.04960890884195,-8.981870340868227,36.614597869753105,1.0677392961230363
2001-02-11,-12.49353065064911,-9.58877822576749,37.807942926680546,1.310165018943403
2001-02-12,-12.59857836895697,-9.283668538452936,37.51738540932699,-0.8229070105687344
2001-02-13,-12.214204540515011,-10.842920219661945,37.844769030444176,-0.15846744276105784
2001-02-14,-13.431014922468014,-11.974528987874749,37.60981244601214,-0.6921732978638766
2001-02-15,-12.437930877465938,-11.58330522305562,38.447477423763544,1.13702518737329
2001-02-16,-14.817986720129074,-12.63597584592547,39.45301480459688,1.7634510948320963
2001-02-17,-14.06325536016903,-13.336888616916196,40.02113382911101,2.3814842994768974
2001-02-18,-13.373674550383251,-13.445596074488195,39.64158596463525,3.5893681402606443
2001-02-19,-13.356506583142332,-11.729268173951668,40.353443494257746,5.544856568104373
2001-02-20,-15.485282023934,-13.24104843904748,40.313840422251324,4.567800043548359
2001-02-21,-15.681123941785259,-13.090816404738908,38.10732139076879,5.305903484331154
2001-02-22,-15.056039588034636,-13.142312988261896,37.43235006130401,5.502167244239128
2001-02-23,-16.326088940810315,-13.879968752106345,36.70464330805658,4.9663104570607866
2001-02-24,-16.416675390048496,-13.337523767578821,35.91429378343855,5.796834504143565
2001-02-25,-16.020050914558016,-14.034997894039051,35.20013558512413,5.584449447404725
2001-02-26,-14.790275528192243,-13.636327767855622,36.123387318484795,3.0610895491295302
2001-02-27,-15.363610259949015,-13.375083853952086,36.722844777155494,3.2130210248294273
2001-02-28,-15.753250747459202,-13.49031528921643,36.69582969689316,1.865223911213649
2001-03-01,-16.760736313176423,-12.558997898556138,36.15949251744844,3.1257020264445377
2001-03-02,-15.034806782558881,-11.459762281232438,36.89957892836688,1.9134036952920734
2001-03-03,-16.014954707128247,-13.454589249190958,36.2956412453537,-0.012664085351304255
2001-03-04,-15.833399144691127,-13.922217811405522,36.39041684530688,-0.10368293759825838
2001-03-05,-16.55595429263286,-13.132442878556027,37.506634556513106,-1.0105235321904005
2001-03-06,-15.737166178383488,-11.728629435660295,37.8013252500438,-1.5208007072690353
2001-03-07,-16.209571882924948,-11.468936042026296,37.49819902337642,-1.3118231960449311
2001-03-08,-15.594311778997431,-11.204725569942005,40.12231354229758,-2.9092086092512863
2001-03-09,-15.44578803542,-12.536497416699182,38.95572024244893,-4.016151651403316
2001-03-10,-16.390459369443764,-11.670478423991947,38.215567293360834,-5.00232779883705
2001-03-11,-16.70583768473481,-13.209565370954255,37.21329572837728,-3.437754744493195
2001-03-12,-17.242251776670482,-13.021287994940536,35.725883552156446,-3.548656727482792
2001-03-13,-18.17372159824026,-13.822649443799177,34.79137471839763,-2.3349602918088737
2001-03-14,-17.472510508064403,-15.874275006956271,33.96999848955571,-1.0021863764856043
2001-03-15,-19.047337012319066,-16.11563055780419,35.19422470282176,-1.4775804981859695
2001-03-16,-18.826686243829013,-14.237907594796148,36.008724292472124,-0.6320339370047797
2001-03-17,-19.113588924545596,-13.921341859756957,36.37593458206956,-1.7726489416242917
2001-03-18,-17.544816916152552,-14.799385175283243,36.15749140676427,-0.5793945687149273
2001-03-19,-18.08922380718592,-16.378191728517855,34.74089204002757,-0.6678428989343866
2001-03-20,-17.767781630022625,-15.717626421293376,35.05913324996132,-0.11509392338603452
2001-03-21,-17.994287000106663,-14.750017565243741,36.590612446555724,-0.09957923001460531
2001-03-22,-19.859009831158254,-15.760287327690435,35.6990152482268,0.8331118120938167
2001-03-23,-20.11176974722207,-16.173282229621186,37.48844668278117,1.177008522372544
2001-03-24,-20.284407841570133,-16.72872091054303,35.92573115373529,0.883052578910049
2001-03-25,-21.346294930291155,-15.017877539683978,33.868174206698534,-0.9088845753456514
2001-03-26,-22.07087181026712,-14.797872195291204,34.40754821989236,-0.3823836193834578
2001-03-27,-20.979454208585118,-14.166336451148558,34.76900724111376,-0.957285732584326
2001-03-28,-22.53657910785882,-14.094030180300283,34.70803712256456,0.4205656513614926
2001-03-29,-22.24707093566509,-15.075048921155377,34.770043285548624,2.0791201876038077
2001-03-30,-21.882927933178756,-13.43352337609103,35.74356731000362,1.6322459872902748
2001-03-31,-22.665485099307883,-13.481892346949927,36.03232329950702,1.4408757694859757
2001-04-01,-22.99647531215473,-12.494155715205551,35.87200413941772,1.7067520346072367
2001-04-02,-25.2390892298705,-12.887562972425647,36.261884392484056,2.2011217891583494
2001-04-03,-24.78884684269522,-11.916870867249127,36.391472420837374,0.9819861595469517
2001-04-04,-23.353911630583454,-12.047520707917178,36.23537053104296,2.7645950678210305
2001-04-05,-23.34714419543536,-13.70758868299336,35.11625585697873,4.899062276162795
2001-04-06,-22.80694955759301,-14.626693769713391,35.86314467622088,4.065543941400532
2001-04-07,-21.914072885014203,-15.925951756000272,34.64567261258146,4.288188134915029
2001-04-08,-19.949540453207618,-15.360876517349409,35.66062996901326,5.038034262762004
2001-04-09,-21.189495890230575,-16.446394566411943,35.75538387147367,5.631963632336728
2001-04-10,-20.05434014691256,-18.07777582480198,35.18223429808668,6.71013637045458
2001-04-11,-19.615567026262504,-18.59056989809573,34.75418201936274,8.413969299561026
2001-04-12,-18.392141669053814,-18.434793328477177,33.91200826970805,8.064217647770198
2001-04-13,-19.556689369159816,-19.525076506498735,33.9332128246649,7.637594347133136
2001-04-14,-19.027898825149354,-18.828751782972603,32.3783617006201,6.399920838688039
2001-04-15,-19.97532600037878,-18.411675382003786,31.862913926088925,5.144639177411438
2001-04-16,-20.374863050047328,-18.16830158751602,33.11098890283908,5.807429332556514
2001-04-17,-22.61585103329177,-18.369855147847453,33.04310574114545,6.34987604927269
2001-04-18,-23.804456515163437,-19.09704749667033,32.99882706176519,4.670837410369842
2001-04-19,-22.051246894137407,-20.376281829037506,32.99422716522262,5.0917599268493685
2001-04-20,-21.138565485049888,-20.797962349905188,34.406530784134674,7.136928540325345
2001-04-21,-21.707134896485023,-21.833906925912956,35.055085501753744,6.07501486829682
2001-04-22,-23.106335005578213,-20.988962471817576,35.9810251972581,5.273116399391471
2001-04-23,-21.713717398551225,-21.51063101678236,36.97043927540902,5.631474683957135
2001-04-24,-21.73345283650325,-22.109736293191396,37.28565817206592,4.352898138505695
2001-04-25,-21.27705008021594,-22.889858658940707,38.35221144482394,2.2129406873525457
2001-04-26,-20.340885984756326,-21.595890749744505,39.9156971755517,0.6316187160748024
2001-04-27,-20.46124513189868,-21.44890977379721,38.577470450455934,0.08561724518922376
2001-04-28,-21.561668143243686,-21.885894476785772,39.15405089621044,-0.4191734867494573
2001-04-29,-23.510604417963524,-21.936998403595258,38.12972185988694,-0.012712843888995407
2001-04-30,-22.910240588077272,-23.156592434552426,37.4675505991658,-0.4095591188480244
2001-05-01,-22.387444493730463,-23.780952598586875,37.07672612449902,-2.480530230563539
2001-05-02,-23.519318514508125,-23.944252058692758,37.52716419325892,-1.4798992006198226
2001-05-03,-22.789577364370807,-22.958397715006342,37.89137458532585,-0.9674467459572853
2001-05-04,-21.914551761644315,-21.90524440055183,37.930901161832885,-0.61246893541836
2001-05-05,-22.827121211307688,-21.923398673210368,38.79871626020292,-1.3203953120997474
2001-05-06,-23.07201519849904,-20.700194574819697,39.32443224407097,-1.7718907315778727
2001-05-07,-23.130709182341416,-20.932853652497577,38.79021748226853,-0.8813799888533207
2001-05-08,-22.546953432558617,-21.632387304561266,39.61963226318424,-0.5069259611106066
2001-05-09,-21.8751427995935,-21.288112796536442,40.225771765580376,-1.0692257876085847
2001-05-10,-22.19466019274284,-19.638597589762185,39.782127715278314,-1.1678319691024015
2001-05-11,-19.793777981358577,-16.771892351463652,39.6015967345825,-0.03427133347938449
2001-05-12,-18.810489480853622,-15.664381029860815,39.50264343115296,1.6763136874447975
2001-05-13,-20.436886791873192,-15.197868564385534,39.6119347882016,2.1226425937468116
2001-05-14,-21.826618866800686,-15.579001467275724,39.24092315526351,2.5338900501492407
2001-05-15,-22.545705147892004,-15.243807253135557,39.40533851837601,5.353055042060101
2001-05-16,-22.090169820182147,-15.165807129010386,39.44684618691952,5.863948376742868
2001-05-17,-22.788730743986694,-16.071202191480957,41.16093343293824,5.797445925836197
2001-05-18,-22.136086422555618,-15.841624801236229,41.25184995489285,7.50777805901957
2001-05-19,-21.996100307097237,-16.300124141226046,42.231751634201075,7.046541637260781
2001-05-20,-20.791693505457808,-17.068574613558432,41.309352828872385,7.539403659838503
2001-05-21,-20.803361403731184,-14.870159250683113,40.555110947192276,7.592191145011418
2001-05-22,-20.83715510295309,-16.45707704274284,39.77494826363823,8.647323702383444
2001-05-23,-20.285140335531242,-17.246197451490854,40.512348673791166,7.265625380830549
2001-05-24,-20.827490912651648,-18.611668204916878,41.335841849689004,7.475028399600065
2001-05-25,-22.91323654307529,-19.422510450580376,41.40188052062582,7.779350480456297
2001-05-26,-22.678789272730537,-19.68800600427793,41.10532014258697,8.754919584007931
2001-05-27,-21.030735887231472,-20.952758492388433,42.51565286392019,8.982493843046685
2001-05-28,-22.48061201223769,-20.20300380513018,41.93215977596979,7.888023450491028
2001-05-29,-22.318518515330332,-20.211861688023163,41.514507551936546,8.1481166793082
2001-05-30,-22.386035886911685,-19.897043162777884,42.4544603820753,9.829563393153743
2001-05-31,-21.655946358949034,-20.696670617698246,41.24504799953745,9.710680764246522
2001-06-01,-21.644895495669623,-20.289934441704848,40.72580271199854,8.749781766874
2001-06-02,-21.552314777461326,-20.9817369690261,41.034949288531664,6.767809044051504
2001-06-03,-22.209543257684754,-20.995762967232768,40.184796644548484,6.565872326386106
2001-06-04,-22.42044509754308,-19.855788806655646,41.493499883649285,7.389798282385557
2001-06-05,-21.243270379637444,-18.005120337762126,43.34364014208885,8.612817813672168
2001-06-06,-20.862678780037758,-16.406483563017044,43.05143790196733,8.21244808697024
2001-06-07,-22.115988576976495,-16.0192020126446,40.87839078876028,7.086596844363818
2001-06-08,-21.746507267901112,-15.691292700564256,41.80380453254614,6.509524361205867
2001-06-09,-21.28983123435429,-13.311518873403518,41.9661092732888,4.513512634664992
2001-06-10,-22.57660839855042,-13.83093046321138,41.16330220841824,4.74064100650497
2001-06-11,-22.38390089094915,-13.606279733449966,40.129339744775166,5.084886153536979
2001-06-12,-21.908638584533723,-14.188135767246344,41.25172807407826,4.52007286636392
2001-06-13,-22.82890522034518,-14.382247877147536,40.84422195864725,4.576385929386352
2001-06-14,-22.755912894016422,-15.329398682114743,40.265217071504885,4.955074476538491
2001-06-15,-23.24427548411933,-16.308546391761485,39.00086826884074,5.38521198396195
2001-06-16,-23.450272927269868,-16.773773472400507,39.319936367868365,3.3652434776299547
2001-06-17,-23.743111817852192,-18.532785921000603,39.86932619265634,2.4199788093523784
2001-06-18,-21.946764664605695,-17.30069999615473,40.26397330367613,2.040992920645742
2001-06-19,-23.01564922137422,-17.028194288219833,39.461693988730005,1.3794524122478113
2001-06-20,-21.86489488582621,-17.050087534383934,38.35593459474175,1.6659200586919445
2001-06-21,-21.650409001779312,-13.996706968399119,38.902856827522776,3.2539571164162466
2001-06-22,-21.11230317283404,-14.06798603343648,38.57347407693443,2.1847082994113594
2001-06-23,-21.81554249208053,-13.33118350508694,37.63358089645672,1.7931951231559438
2001-06-24,-22.700021492883867,-12.248548913433666,38.47455311150945,2.4983298368673976
2001-06-25,-22.437177803026685,-13.308063920902901,36.27698755623715,2.9706252858722455
2001-06-26,-21.92477351428833,-13.200231626871144,34.951540995166525,3.266267324118636
2001-06-27,-20.729231518343994,-12.235903633031606,33.27630325481817,3.8021704837184322
2001-06-28,-22.237796607924068,-10.771497274878952,32.300933852472376,5.079394132407822
2001-06-29,-22.00009623157767,-11.231294796977199,31.62190890973873,7.406589087789838
2001-06-30,-23.93413582595175,-11.840214483380949,32.45093333509123,7.404907327658193
2001-07-01,-24.874942719034973,-11.220949798266007,32.975157669398186,8.420510997660164
2001-07-02,-24.317610565191966,-12.32454345355845,33.06883901195731,7.151693873203285
2001-07-03,-25.315953607415025,-11.232289758622999,33.89196561140038,7.204651099609153
2001-07-04,-24.726392315436254,-12.003059830928123,33.48944792863744,6.950314347330259
2001-07-05,-24.668848030488338,-11.794036517801034,31.208945761199715,7.097741639398391
2001-07-06,-23.666222044797173,-11.194709017009917,31.38976969282155,7.288069713488125
2001-07-07,-23.132524233282357,-13.34643471614146,29.78032818472753,6.054678045873944
2001-07-08,-22.78203141041114,-13.762490776547954,30.467175214966904,6.609762124941339
2001-07-09,-21.696698500431946,-13.257866517334149,29.963536240017863,8.567163089459497
2001-07-10,-21.172307869875397,-14.48804030645176,27.544243342334777,9.223023780835241
2001-07-11,-20.08103285278244,-13.609915307009146,27.53374985210962,8.924532589502018
2001-07-12,-20.501771264486525,-13.595305650934872,27.996806041321484,9.115306410326632
2001-07-13,-19.675758215444056,-14.093520610085262,26.99751234972583,9.49919974907272
2001-07-14,-19.535510143724736,-13.814280650196322,29.152280344783822,10.118843131427637
2001-07-15,-18.990755399387844,-13.438358870050308,30.414566164788347,9.28338135582444
2001-07-16,-18.816309110695457,-13.47565081007992,30.430320138172036,9.253527229939735
2001-07-17,-18.131073006227105,-12.78081044169197,29.744792504815823,11.397975917997126
2001-07-18,-18.009101877562813,-13.816821087669055,30.62733511093101,12.7652478746745
2001-07-19,-17.744450057619627,-12.978145118267614,30.62986718000075,13.675719443951614
2001-07-20,-17.704475579255885,-14.221580110770933,31.034848395233155,13.094136016308166
2001-07-21,-19.74037743771403,-13.489281402560396,30.644576215887753,13.942866653505705
2001-07-22,-19.97391286609898,-10.682133288544263,29.979138775918518,12.203941604058873
2001-07-23,-19.53722046804615,-10.50680897420661,29.249824931621173,13.279944529084059
2001-07-24,-19.717314654767645,-10.815731876770759,29.56084476289401,13.927652387783818
2001-07-25,-21.23302445229359,-10.074150943401374,30.722751494111215,14.706863549439502
2001-07-26,-20.859353599840226,-9.83723875553995,31.066895475361484,15.062528068124221
2001-07-27,-21.358181137925662,-9.241601064050206,30.536695862893705,14.41725030001324
2001-07-28,-22.685065166033674,-10.039255942215842,29.740906862687485,13.959349453270084
2001-07-29,-22.822117430716222,-10.295575477078566,29.52510694882337,13.236207854744729
2001-07-30,-21.416252012108632,-9.175109883390917,27.39512878431119,13.389447133360143
2001-07-31,-22.857965389846918,-9.316384651691378,27.7012001729099,13.751066309794455
2001-08-01,-22.617411752039313,-10.745335302378182,28.884550539181777,14.254410872631759
2001-08-02,-22.02771388150019,-9.963749460116873,29.49791079956285,12.699928556629553
2001-08-03,-21.643376120438365,-9.817602893931314,28.91580705636257,12.03817727659344
2001-08-04,-20.05811933236943,-8.660649407634608,28.966855198387243,12.37414027895326
2001-08-05,-20.378602225642723,-9.579990730218393,29.111105942481146,9.673761239081143
2001-08-06,-20.143999231433458,-10.545920023499873,30.083388554775343,9.250414577398335
2001-08-07,-20.127356157218596,-9.212024325457108,28.346136123680264,9.755851298401485
2001-08-08,-21.849318199716844,-9.243858316675146,27.514059898326224,10.462086427481477
2001-08-09,-20.81978253268815,-9.094333399543059,27.033513684428726,9.481275893958808
2001-08-10,-20.396490561050392,-10.141422202448423,24.915547718451414,9.076150968318696
2001-08-11,-19.23359828643596,-10.253059267907027,23.916006322387908,9.123462581538325
2001-08-12,-18.548377003664925,-9.524670097913871,25.276942196661594,10.002092270968618
2001-08-13,-17.96252512064912,-8.983387762033804,26.155452022826918,8.707025575658264
2001-08-14,-17.302766847688776,-9.099618522040574,25.976403330135263,9.190924084184855
2001-08-15,-18.131645745572044,-11.31493554084634,26.70826613563667,8.611229303190763
2001-08-16,-19.54595871169557,-11.32928163354726,26.408102321073137,8.856087218636246
2001-08-17,-20.262932448707204,-12.481637184180656,26.411375736015216,9.643252308097637
2001-08-18,-19.5714186817763,-13.094350263837828,25.349966545196974,10.05215959901679
2001-08-19,-17.9610045625365,-12.699392081488318,26.18833863444976,10.75725311260081
2001-08-20,-18.69253185677044,-13.59360619009952,24.608514015133014,11.103347705592904
2001-08-21,-20.702472325153508,-14.9696294484004,24.89929442046109,12.512502192368482
2001-08-22,-19.543726899786712,-15.325020433610485,23.379147207635654,11.175937382586874
2001-08-23,-17.81369271699096,-14.064520703704538,21.196132099815422,10.911460787547718
2001-08-24,-16.520250890326963,-14.903532754363411,22.654960882728062,9.916869452073932
2001-08-25,-15.848979448938017,-14.613762246715705,20.9339928266865,11.319665355977982
2001-08-26,-15.151737927558534,-14.270691969637626,20.02432042436476,11.81014381007057
2001-08-27,-16.683760604348347,-14.418696362126456,19.897448654507603,12.272211365346381
2001-08-28,-16.581830053449128,-14.22463884454221,20.988118095603358,12.616270706932099
2001-08-29,-17.572521829126465,-13.534417895457734,19.563602664336642,11.994643131531753
2001-08-30,-17.604192353286024,-14.744105229339821,19.20341888933937,10.44988607555192
2001-08-31,-19.296714244526413,-15.382024872348515,21.267743317926474,9.487396683961329
2001-09-01,-20.01207462537953,-16.029595592083805,22.752216895844573,10.34485601658713
2001-09-02,-19.98837650010685,-16.802995939411495,22.57860293892981,11.352642455380689
2001-09-03,-21.001422797494456,-16.538230306919278,22.881050659072287,7.762637008361229
2001-09-04,-22.56644280467249,-16.802900690932493,23.384020982054356,8.274092222303508
2001-09-05,-21.836594166823666,-17.130357209256598,26.314093331602525,8.327946469397618
2001-09-06,-21.832258862220364,-17.783379934059983,25.187849055465772,9.953649430860596
2001-09-07,-21.246495261810896,-17.318442880399406,23.453423003467933,10.996070583149287
2001-09-08,-20.677698847625614,-15.842834930291152,23.98962065666244,11.727266021162139
2001-09-09,-19.080417308545044,-17.725921960636214,24.538761180965377,11.27053935476963
2001-09-10,-19.217530486069336,-18.872373995084956,25.58259924622555,10.243194762853602
2001-09-11,-17.76179874609124,-19.578659378975217,26.401655560724727,9.818639686960529
2001-09-12,-17.27675573026388,-19.293447346446282,26.828320972320554,11.003725831629982
2001-09-13,-17.98475666852421,-18.11005070733279,27.347973174580968,11.767569426025306
2001-09-14,-17.85996037861474,-19.664175911635823,27.061757698196036,11.91102014595191
2001-09-15,-18.09223869013619,-19.536090165122744,26.454660799922056,11.10263586744734
2001-09-16,-17.648390051588176,-18.803442142549127,28.016765301552322,12.608627797617409
2001-09-17,-17.68999361490817,-18.352104678113218,27.370827406444164,14.064153460174555
2001-09-18,-17.055392537182207,-18.71972030165342,27.023623405178856,13.8189535704853
2001-09-19,-18.211266525002994,-18.39568281496203,25.489410931255463,15.009439176657914
2001-09-20,-19.503913891104155,-18.470214998777386,22.413554676701946,16.09696718750271
2001-09-21,-19.29059922866931,-17.342434175499896,23.188768472573333,16.76690889942185
2001-09-22,-19.69115567353545,-16.97872414005501,21.713120267139523,16.807806043923634
2001-09-23,-20.97971836607405,-15.545167420205109,20.589559756503984,17.727002601067227
2001-09-24,-21.120945955608043,-17.3589129749496,21.531544636717694,16.54443090748428
2001-09-25,-20.857201216557637,-16.52879196478864,21.35215521521737,15.836107275231484
2001-09-26,-21.86985100197526,-16.819558347149766,21.401994601647065,13.817800724375916
2001-09-27,-21.936287490205547,-16.986514149235,22.56975040085564,12.74634322074127
2001-09-28,-23.092473227582897,-17.311381111567687,21.79118950547668,13.13140885774422
2001-09-29,-23.46874396172739,-18.102665545786156,22.10544742867837,13.344408277755354
2001-09-30,-22.550855720028704,-19.582249945070156,23.30463136522447,13.447681129601747
2001-10-01,-21.499572037439513,-20.60278435080384,22.663567532563135,13.301326571206793
2001-10-02,-21.607254132038744,-20.369514638332824,22.3283839979727,14.210258614421392
2001-10-03,-22.700116802787022,-20.11310899971809,23.407677789691483,15.392491277371853
2001-10-04,-22.36281102551319,-21.027892390550125,21.308069798340043,16.409119968714688
2001-10-05,-22.74977908578633,-18.93853923896863,21.93973250858019,16.085790960934013
2001-10-06,-22.426657011646064,-20.258648924183404,21.196602828574566,15.703125243139732
2001-10-07,-20.230564890710443,-20.922327378425443,19.047806938342326,16.309776419909554
2001-10-08,-20.299259495971043,-19.544099697887624,17.480117172167922,16.548939125748447
2001-10-09,-21.579495897714725,-20.072209036015987,17.44307631229556,17.041030536812176
2001-10-10,-21.99878208940919,-21.015510604182857,17.202911348567756,15.66458317337328
2001-10-11,-21.322011536950825,-20.151827532042592,17.509675140704555,15.509298639256789
2001-10-12,-22.448320066892318,-18.790564999189566,17.488272857749628,15.89435049206946
2001-10-13,-22.099936077359956,-19.530578372724367,18.291324348974268,16.71682608827996
2001-10-14,-21.687010880056114,-18.649053955135127,18.22614476527925,17.317808872888726
2001-10-15,-20.745307354585005,-20.4076088330665,17.36524182695236,16.127867527808917
2001-10-16,-18.720038743949793,-18.922587075145685,16.427000272017985,16.42468901359417
2001-10-17,-19.55472244339562,-20.352681766310113,15.206997511098649,17.469500235584587
2001-10-18,-20.363038137441983,-20.657187646619004,16.262271873260087,18.311150427950356
2001-10-19,-21.019154782219523,-20.344188292839444,15.627651936073892,17.74118344942561
2001-10-20,-21.179144851211674,-20.13783973441621,15.949470509622454,18.93564703110764
2001-10-21,-21.098611979206453,-21.09995019792926,16.324774927030035,20.00334556071226
2001-10-22,-21.45562609294485,-20.184225951192563,16.815612160736503,18.754786144044683
2001-10-23,-22.333498794038622,-21.768980649147863,18.32327119595598,20.540799694508376
2001-10-24,-22.062093265778635,-21.112180711785324,17.079033774502605,19.758951414008365
2001-10-25,-20.53760567211356,-21.396525983618012,17.31954259619843,19.03132007824274
2001-10-26,-20.910967603982673,-21.182769943994565,17.063820544544306,18.11196962302033
2001-10-27,-20.78083280349641,-21.44835689388651,17.488449633056955,18.960003326692693
2001-10-28,-19.765918392476774,-22.222690529069972,16.28112186628316,19.36584075114415
2001-10-29,-20.07495333101352,-22.222669436604864,15.899698806800474,20.441274477582287
2001-10-30,-18.592823553242933,-22.86105831120473,16.250846000176374,22.98481504172417
2001-10-31,-19.851492037755847,-22.50101157967531,14.703253767136728,21.91234837820192
2001-11-01,-19.485326326477725,-22.788726701664814,14.721129456357673,21.138467233758277
2001-11-02,-19.759709088276985,-22.58170367129694,13.993287336019787,20.718308373136605
2001-11-03,-20.47644881104766,-22.124902068260464,13.659383570825849,21.211031764441227
2001-11-04,-20.45621522944347,-23.236150102467068,13.516718954868347,21.14600734030303
2001-11-05,-19.41307544672764,-23.459284075363694,13.4458708967438,20.259073485863215
2001-11-06,-17.639287637308502,-24.4832296698113,12.64231103332547,18.621898643952317
2001-11-07,-17.57431817575528,-25.442553183699403,12.15388132362687,19.134751671907054
2001-11-08,-17.403039588674964,-24.225463779797387,12.096907652944356,18.674001721838593
2001-11-09,-17.68545866929541,-24.146806602032438,11.809344531944554,18.542332270419116
2001-11-10,-18.018275655123738,-22.905421232057822,11.610453445503067,19.163476531316807
2001-11-11,-17.018284664771713,-23.341992370609557,10.641995812506563,20.359840668068767
2001-11-12,-15.832894542881448,-21.43010178370939,11.032321222972923,20.026506815114313
2001-11-13,-15.362665388092406,-20.190743584276763,10.221706518531864,19.06166841453317
2001-11-14,-14.977769795791852,-19.26928154389158,9.526051145263247,18.574172863172763
2001-11-15,-13.780419007683863,-19.78542928088897,9.873979442618475,19.78652278308836
2001-11-16,-13.41096404817388,-19.924997766903548,10.721624959565222,19.986447340839756
2001-11-17,-13.624744329490255,-19.542845499374124,11.562139244344237,19.527776055459444
2001-11-18,-11.845189553543703,-18.6559682355323,11.17330010148881,17.769305320905207
2001-11-19,-11.435671810509396,-19.34067090714733,9.677996804967236,17.632308524684927
2001-11-20,-11.979076314090817,-19.689230048426197,8.144978455235059,18.32367585720919
2001-11-21,-12.21242306880482,-20.15347966326397,9.67581506055777,19.62334909574187
2001-11-22,-12.962326345357166,-20.02434387109467,11.02063530336342,18.778282895305118
2001-11-23,-13.058583834112284,-20.373307573222338,11.281762949403658,17.802985909066216
2001-11-24,-12.16708771682938,-20.18016751464846,11.79741278877896,18.258246255800167
2001-11-25,-14.659078802322664,-18.608744250404584,11.712310085015048,17.91584833901837
2001-11-26,-15.885459445648515,-19.180563582758015,11.674490025758278,18.530046756963017
2001-11-27,-15.921977903811179,-19.81550789593241,13.674812775182218,17.86727376874515
2001-11-28,-16.145452331565846,-19.27217998643401,12.37195079433993,18.78283471232493
2001-11-29,-16.463104561504064,-18.541673584748665,11.601989535841671,19.946655293317725
2001-11-30,-17.110025944479837,-17.342900159696786,11.786583395185215,16.543274181951595
2001-12-01,-17.076692437964407,-16.677226514608275,12.010819669867185,17.083251057903496
2001-12-02,-18.615565996955162,-15.064414218166498,9.995886511945455,18.24910808520026
2001-12-03,-18.104674657672465,-13.966560116913515,9.68196998674592,18.35921547864374
2001-12-04,-18.723897559623385,-13.5684893410767,9.658337062854264,17.13093100849947
2001-12-05,-18.060568748628253,-14.389126635597652,9.87196949114226,15.709610683370625
2001-12-06,-19.059188447028586,-14.970968092159662,9.616409945674697,15.230098405259302
2001-12-07,-18.73412616747022,-15.81399966994032,9.327582948826329,14.045324091324474
2001-12-08,-17.990179547572655,-15.822512314603529,9.845629209328436,12.169293969802531
2001-12-09,-17.326074983977037,-14.644887847089965,8.73034815102762,11.792000584914213
2001-12-10,-16.01698602586801,-14.579583475157671,9.215757843027859,11.578565851163196
2001-12-11,-16.779017409778827,-16.103122737392738,9.817628964253384,11.289112289203313
2001-12-12,-17.210007329902446,-15.934380312446688,7.429115560112813,11.140416134349524
2001-12-13,-16.47281137285653,-15.414036021861964,7.187403649625481,10.652027147215348
2001-12-14,-16.751147698831975,-16.347726968871466,8.734658945198877,11.241337490493372
2001-12-15,-16.145153376583195,-15.56635570106613,6.4103834478538975,10.017010626459347
2001-12-16,-15.31267909438038,-16.53422284606241,4.489553408169079,9.750274487551835
2001-12-17,-15.832884241251461,-18.83257801649184,3.070809883149604,10.79166773808199
2001-12-18,-15.846380360964655,-18.887336021205368,3.6260389818610426,12.286495271455319
2001-12-19,-15.671254515252636,-20.665490008289392,5.513694747434103,10.784853005577787
2001-12-20,-16.521624136469583,-20.857350558737494,5.0912297954571235,11.648133698348714
2001-12-21,-14.882017439872333,-20.247983558302312,3.3654180539473693,11.768784236954708
2001-12-22,-14.439592677286766,-19.574486372223195,3.0168634811352018,12.682776984072403
2001-12-23,-14.289193340682587,-20.29152204431238,3.067906858976143,12.625939200869215
2001-12-24,-13.993467073610253,-22.419862645647488,4.12129998170632,12.673798412152864
2001-12-25,-13.376113779324726,-23.54181120383887,3.5154457149406406,11.75077954067351
2001-12-26,-14.922694508927767,-23.025375046080903,4.378042787895674,11.209324750809163
2001-12-27,-16.126216639019127,-22.719206027714385,5.131603803471865,9.355080439792168
2001-12-28,-15.430292386279017,-23.328923644106712,5.588812788640767,10.257133749031956
2001-12-29,-16.372737954784057,-20.675325344198328,5.206727487034476,11.96471258447155
2001-12-30,-15.921652927349713,-20.223875806040656,4.304707531132899,13.151040820762315
2001-12-31,-14.92479889865327,-18.378450712590944,6.691437468944482,14.314447861142302
2002-01-01,-15.22036841107895,-18.984803887508324,5.925087932367539,14.71987959317614
2002-01-02,-13.34492999724044,-18.687050309137227,5.288893026637919,14.173062547885015
2002-01-03,-14.174054713598746,-16.739269845705543,5.530802251718697,13.765643386434004
2002-01-04,-13.733055191339428,-16.118493965722813,6.191303477954196,14.732996830802666
2002-01-05,-14.403201179671601,-15.184266603472011,6.894148698510598,14.635209231702808
2002-01-06,-14.920376199489471,-14.879994394298972,7.596768511514112,15.721804481634173
2002-01-07,-15.784638196473958,-13.679074708007324,8.310244297565957,14.52871108997428
2002-01-08,-15.860405261497569,-15.379721004052698,7.648709801318673,16.084306228124873
2002-01-09,-15.831215833597003,-14.329080587916557,7.3726582499583975,16.852199351451393
2002-01-10,-16.22688968852451,-14.937863851966869,7.587945780863701,16.081871140239524
2002-01-11,-15.898715917945877,-14.782686234812894,7.308736663857071,14.01780218830207
2002-01-12,-17.351245699383686,-16.38927809215679,7.020950983482821,13.33812780197147
2002-01-13,-17.241786414181338,-15.030737112545754,7.266126372774797,12.245710442689731
2002-01-14,-16.822658609009864,-13.974210814292837,6.52782042484214,12.341283090904696
2002-01-15,-17.586470309714024,-13.708791413437083,6.2696620737652635,13.125002045572908
2002-01-16,-16.553548460777872,-13.53672902922846,7.39542106112126,12.913610069742782
2002-01-17,-16.02123882749135,-12.850603908713222,7.836426828106584,13.21416130100566
2002-01-18,-15.718277731638628,-13.225120559271435,6.643912365745047,14.264076502244242
2002-01-19,-15.396477294887672,-11.765695948793633,8.45012234040776,13.04693270882407
2002-01-20,-15.361323018056318,-10.7764233100929,8.846069722769881,12.274560041335956
2002-01-21,-15.064543940483968,-11.057307491069189,9.878409059325008,12.246759672163053
2002-01-22,-13.53739224588314,-11.041894158117,7.717281302722414,13.361449608212437
2002-01-23,-14.388239331532137,-12.079269062893037,8.391344667054307,11.854034196605516
2002-01-24,-15.986815035372974,-11.25813039233797,8.318048156494205,12.770978617751847
2002-01-25,-15.357206661141785,-10.015317025565691,8.697610445204973,13.407387415473528
2002-01-26,-16.3219364151504,-10.038480632638903,8.156472747839427,13.279250531858672
2002-01-27,-17.615049687208653,-9.374834271222735,8.303243536122688,13.549477208778855
2002-01-28,-18.325404908766934,-12.984531822030302,7.509879974470601,12.924761493016673
2002-01-29,-16.74452050563231,-12.602248709268576,6.417116605052266,11.137435989203569
2002-01-30,-16.98283130260478,-12.253605019566853,5.630588270784578,10.172298897783268
2002-01-31,-16.846464700527093,-12.413886963335512,3.967538450077644,10.009710559273541
2002-02-01,-17.68485122319321,-13.290536304047338,5.001568735061998,9.983391329683514
2002-02-02,-19.217339921345754,-13.652848534026981,4.923380305700108,10.601570691017745
2002-02-03,-18.35380179903861,-13.795886473435157,5.0328685400670015,9.852107617343679
2002-02-04,-18.578197457985922,-13.748833720675728,4.752022052989103,10.697756070641415
2002-02-05,-18.880532882382774,-14.98698717466088,5.573727707264692,10.040499315323276
2002-02-06,-18.953484907170715,-14.18644571013431,6.029056617567291,11.16293371913687
2002-02-07,-19.325342835953123,-15.381337634887457,5.590563837197935,11.45763833098338
2002-02-08,-18.938794719756658,-14.727371967743023,5.863515706154137,11.24805701353684
2002-02-09,-20.646612350303123,-15.597556952595506,6.116973283298414,11.17932023421144
2002-02-10,-20.240189812267726,-16.673837573884143,5.955022933042784,11.09035612228405
2002-02-11,-20.97839026345043,-16.817340800928044,5.382282262090813,11.342380176364323
2002-02-12,-21.705195703644755,-16.031004450184433,6.693945431352061,11.976607667794688
2002-02-13,-21.324216425721914,-15.949647513692724,7.45010950696993,11.579098975276757
2002-02-14,-19.628097411856125,-16.47752533854834,7.978168093707175,11.47252852188914
2002-02-15,-20.667094546408563,-17.244897364589384,7.395447064564955,11.63996689772167
2002-02-16,-20.528323506093535,-14.478544609069516,10.130207558383008,11.10273724655557
2002-02-17,-21.187922294135895,-15.280513835149838,10.966050690486611,9.927063415282989
2002-02-18,-22.989233432219052,-14.740881662480945,12.398087276855156,9.395380397200935
2002-02-19,-25.910907207937097,-13.983882085455502,14.8640316295965,8.693993831816918
2002-02-20,-25.250230685014195,-11.084536319385041,14.182773866804828,8.1430434682881
2002-02-21,-24.136018112496266,-10.250274223161924,16.463589262373624,8.22816652000346
2002-02-22,-24.284299009240094,-10.415101168499323,18.369879589444515,6.466189159800041
2002-02-23,-24.692830144583223,-9.823409040390628,17.07131972301161,7.1407699532654965
2002-02-24,-24.27013463637938,-8.644768238544602,17.74000926549214,7.487443688891587
2002-02-25,-24.258145592096664,-9.023822471564419,16.71949678805597,9.487662987314346
2002-02-26,-23.78776917814223,-9.194298412517833,16.135708433482957,8.964404459491309
2002-02-27,-25.93542255837187,-8.505216780617708,16.101221894256337,8.702468512013507
2002-02-28,-28.5228301638906,-9.478467372950934,15.463209578885888,8.49837398462998
2002-03-01,-28.391763115303682,-8.251141746769562,14.419172518149647,8.793814671255484
2002-03-02,-28.03716045643175,-7.676709993752028,14.799495656581296,6.759817949966628
2002-03-03,-28.404328057168954,-7.975562095539044,14.63702371430436,6.451192416661173
2002-03-04,-28.457364039944046,-5.6968019471766675,15.09501070445955,5.481444756561107
2002-03-05,-28.32856612687085,-5.310872320778322,16.323643062365043,4.064664366111879
2002-03-06,-27.30591204684416,-3.9076424355509696,14.803019444222205,4.408435916375988
2002-03-07,-26.813092126645802,-3.7061349529846943,15.24712870232052,3.5266037805780064
2002-03-08,-26.14391045730462,-3.9974383087176593,13.087084784619025,3.7427361786493076
2002-03-09,-28.101485138464447,-3.986361221549119,10.521792302158502,4.910456742531598
2002-03-10,-26.77058125320609,-4.611906461568117,9.659288395888215,5.490195956979568
2002-03-11,-27.908700915319944,-5.761249305214026,9.514659149006215,6.347538972104948
2002-03-12,-28.269645030510816,-5.721266380912289,8.673248979285455,4.462445831639255
2002-03-13,-28.746924419208717,-4.182505495668317,9.723592672064566,3.8624602215565074
2002-03-14,-29.914570682080484,-3.8950398997353837,9.728611119695147,2.282103328918141
2002-03-15,-31.89297928052809,-4.178240679853245,9.33733967558937,0.8501968205930015
2002-03-16,-32.065129732399264,-3.0197702427898396,7.170713237371947,0.06430808017578227
2002-03-17,-33.60522999968154,-4.929296039266291,4.790028034687145,1.5099613707458819
2002-03-18,-34.43340767041694,-3.231785361059935,5.576084130365592,2.3711229217138055
2002-03-19,-36.3847670950717,-2.8757638005163586,4.821157138237145,1.6705448404284438
2002-03-20,-34.994518399294876,-3.4224572325396037,6.3381524783783,1.116870561735153
2002-03-21,-37.095964664759194,-4.944006343223627,6.4609046933976355,2.03146749694979
2002-03-22,-37.840982708506445,-3.598647995307193,7.2174365696177905,0.8286720172712125
2002-03-23,-37.76861533593096,-3.6981948642281726,6.488678396298935,-1.0626541942917844
2002-03-24,-38.20122310631955,-3.9493141652840453,6.14668055107322,0.5783488744862215
2002-03-25,-37.74976474872039,-4.198282011848721,5.222349016602699,0.5554530067675617
2002-03-26,-38.199380278216225,-4.097555762169299,4.640687121636557,0.3910753489910961
2002-03-27,-39.454844023656186,-3.960664713791032,5.1905033843139705,-0.1681365069268157
2002-03-28,-40.241041489327614,-5.566523796199773,4.698167078080723,-0.9121186821734177
2002-03-29,-40.32991403397023,-5.746247374560944,5.061442227677162,-0.6418627070562719
2002-03-30,-41.75602719480258,-5.142113342832984,4.555134027586094,-0.3503584719047122
2002-03-31,-41.89108818618258,-6.734433402684693,5.636800160406995,-0.015419543935899005
2002-04-01,-42.42903181594984,-7.911154850309426,4.892518354506968,1.2836276863217797
2002-04-02,-41.13402601789673,-8.075410264123956,6.599712459639047,2.9151526022436167
2002-04-03,-41.15303398569558,-8.93487889616613,6.844040483699213,4.647521163407908
2002-04-04,-41.49391325872583,-6.920317005641573,7.064163593584634,6.430602368770953
2002-04-05,-41.97045889268273,-5.627425349926533,7.447939948222671,5.363893143650021
2002-04-06,-41.10735552053521,-6.7916044249105045,7.943437588474901,3.5035122424699754
2002-04-07,-42.154032942247206,-7.12000621468417,8.719243414326977,4.0088583936059585
2002-04-08,-42.303802249144255,-5.16796824880793,8.057876299443286,2.6708165403763546
2002-04-09,-41.69225677711842,-5.186350362373322,7.146828436426061,0.9731297074363874
2002-04-10,-41.97575179615178,-5.606862616504724,8.282172940555634,3.375370428785414
2002-04-11,-42.275143822190394,-7.222319097160545,8.114258744130929,3.3166734704324123
2002-04-12,-40.22156120352881,-8.214650494096505,9.355705934223598,3.225025443083162
2002-04-13,-42.346738442268304,-7.284491745005599,8.657622364993502,2.9231294509129824
2002-04-14,-40.602618299211336,-8.512584249295188,9.098173730791148,4.765032567301137
2002-04-15,-40.85141112547939,-8.878751948693369,9.251217168289527,4.460179534213721
2002-04-16,-42.14469808514134,-7.412309891941595,9.6749497862174,3.9928684581531426
2002-04-17,-42.05913025417161,-6.793302600952789,9.612792235027259,4.082580097606601
2002-04-18,-42.02994022136138,-5.605435511284231,9.967540926940636,3.329756565300705
2002-04-19,-42.397701726128865,-5.408959067502657,11.891382148605215,3.076437551488117
2002-04-20,-45.03682362522964,-4.900792030565801,11.246834171572306,1.5030108889072389
2002-04-21,-44.82796939718841,-5.263051485991953,11.473018127367622,2.1645679178753996
2002-04-22,-44.37410664611756,-4.8650679282947005,10.984586199577286,1.5405513124954877
2002-04-23,-43.91547254544975,-6.526631598321236,10.935773303899406,1.8288880935803
2002-04-24,-41.36607628046705,-5.781857523370435,9.8989985337213,1.8867217680223385
2002-04-25,-39.09685300452773,-4.416341618633768,10.174388673745298,1.2720060587362567
2002-04-26,-38.213925200695876,-4.587313830621514,8.938087555363728,1.8263886563894038
2002-04-27,-38.84185900955019,-5.361131422863824,9.404964483319631,1.6837052459691022
2002-04-28,-39.543645346013676,-5.268116421159301,9.027840608719195,2.0995100738765173
2002-04-29,-38.344696241810055,-3.8739906004001856,8.074417338299765,0.8453854732972406
2002-04-30,-39.17995339791478,-6.102335420655001,9.01000127467841,0.5862380288842954
2002-05-01,-38.28601150832066,-4.830224332960082,8.891215938373149,-0.8288770172881421
2002-05-02,-39.33066663455456,-5.005604173264215,8.896673786947852,0.7804522776913769
2002-05-03,-39.665003182339696,-7.361407469046951,7.509720686236279,0.3656191780442284
2002-05-04,-39.3125674656881,-7.975567986119796,8.089253900917448,2.8245662647665326
2002-05-05,-39.478036382246025,-7.115935358483373,8.165944248632481,3.3552764441074125
2002-05-06,-38.163266361045366,-6.552394717165938,7.28204723730973,4.194174929566801
2002-05-07,-36.334672342198196,-4.925146339036999,8.996415338925951,5.0506598465096255
2002-05-08,-37.111419675555865,-6.200774953147479,9.065982074819223,4.181093922939073
2002-05-09,-35.937471405088,-8.791603602097233,8.173203265459167,5.252942802937004
2002-05-10,-36.786207443124624,-10.726269843540367,8.628174030320912,3.974106943024093
2002-05-11,-38.00355194631038,-10.681356823965498,8.2504729707266,3.7983201615026947
2002-05-12,-36.059972832705206,-12.585833807407283,7.407328249529158,4.790580177026758
2002-05-13,-37.145657231095726,-10.638913624214775,8.016362364071256,4.4828724597012695
2002-05-14,-36.566026829787226,-10.845229792300541,8.798602453467202,3.500400337504906
2002-05-15,-37.23365794675919,-11.036145056493176,7.09220734926775,2.474594747219845
2002-05-16,-36.613446021036424,-10.322641951554964,6.0368506547239065,1.4223217167364945
2002-05-17,-35.94141943409196,-9.647914053111272,6.626929905699018,2.3115399356727724
2002-05-18,-36.25736091816607,-9.955675249704713,6.161565120892733,2.307230468809673
2002-05-19,-34.597637742266464,-9.706582657394636,6.095222066539766,1.9853713294399307
2002-05-20,-35.242923269024615,-8.540551284793176,6.341073452445217,1.272838806005825
2002-05-21,-35.31553109332109,-9.041491861053503,6.986969964326699,1.7961303267272535
2002-05-22,-35.07072478128084,-9.008045404950042,7.664699315301499,1.6895330684413827
2002-05-23,-35.67559290857727,-8.225704254086878,8.082857770734469,2.847199352787328
2002-05-24,-37.19638142853797,-7.749280302129425,9.675752634401212,1.4722000471029408
2002-05-25,-37.90322969279875,-8.29480296472385,9.647993817580254,2.4125813059623704
2002-05-26,-38.29301235137263,-8.231092552493783,11.067552479748178,4.5956546981913355
2002-05-27,-40.4273457184318,-6.382394464112758,12.363299189291613,4.730821533376986
2002-05-28,-41.0882873950067,-5.478896073555415,11.248441302983498,5.77796980359014
2002-05-29,-40.00349334451793,-6.756071500891023,12.13231015573283,6.520823632348699
2002-05-30,-38.22879702756145,-7.095623111305221,13.844951587301221,5.302181449453309
2002-05-31,-37.9940449294974,-6.948982279609344,15.115191328196666,5.164997339802877
2002-06-01,-37.363996707611975,-6.349098391878456,16.265818369773704,5.055547935869495
2002-06-02,-36.12052417590887,-5.984196449031734,16.779470879877586,3.8061550210678305
2002-06-03,-36.38911770405908,-5.868314312150694,16.65506430110876,3.5602701202053755
2002-06-04,-37.48430791637461,-6.1390248818080995,17.784580806367178,4.599375132478803
2002-06-05,-38.95225802249606,-5.4244926481509665,18.369047222069245,3.3588727488475403
2002-06-06,-39.35486382906533,-8.564839755275319,20.290002948912402,3.5087188711473276
2002-06-07,-40.23378650303661,-9.435901057940542,20.25123751413942,2.309994810920619
2002-06-08,-40.5468845108025,-9.142880322787716,21.791329927933415,2.5957663003785747
2002-06-09,-40.24639227218669,-9.253883531531839,21.33688619338987,2.355446907957379
2002-06-10,-40.17435566125581,-10.498936829247002,21.883092305408596,1.668121939058606
2002-06-11,-40.48261369692339,-9.501941563842355,23.10771641170636,1.6190936428930627
2002-06-12,-39.74648839161063,-9.194949197831484,23.065242505412044,1.1918825600237166
2002-06-13,-38.40441557453368,-10.884824834331004,22.994331407472764,1.1695818736982566
2002-06-14,-37.012535797420476,-9.969413054807905,23.787891333951386,0.23890648788673197
2002-06-15,-36.539734957951374,-10.083368909154055,25.052554945260134,0.38410140656144814
2002-06-16,-37.45829124883708,-11.155553604829418,27.39833174404476,-0.10757054836851482
2002-06-17,-37.68051123525671,-11.236418837240521,28.427115096849096,-0.49964432053879815
2002-06-18,-39.236573872131345,-9.715496951591868,28.16060553090481,-0.007527930957800244
2002-06-19,-39.34613251585888,-10.031180587231152,27.572137257520307,0.08924778809690818
2002-06-20,-39.485368256986035,-10.771557207675995,27.2294573830945,0.10723717214622774
2002-06-21,-38.27045226999015,-12.540008520442969,25.908572685765126,0.3014436571860239
2002-06-22,-37.749221071078786,-11.11690856759797,25.00262889086735,-0.4284867848660057
2002-06-23,-38.31693344818769,-12.327476123944125,24.996506447461627,1.577893339422405
2002-06-24,-39.109439055782964,-11.141182509556657,26.330165391652585,0.7493166070676903
2002-06-25,-39.98744885642271,-12.780092699795182,25.751803349738672,-0.09356508617637016
2002-06-26,-40.05702548142547,-12.064698418172682,26.401937880256295,0.253736380073635
2002-06-27,-40.127867344869166,-12.51217703696385,25.889958584799718,-0.4930085929551065
2002-06-28,-39.663596682965924,-11.444480841442507,25.8520869443857,-0.9690342343050901
2002-06-29,-39.50154585999683,-12.75378453505596,27.46676356135548,-1.0978819780381381
2002-06-30,-38.8823793671224,-12.703734704613241,26.86751423162035,-0.3220240941296477
2002-07-01,-39.42180734217922,-12.630923308693802,25.426192809689216,0.21783056204625995
2002-07-02,-37.51369824131319,-11.892520079881075,26.304654334512318,-0.6711365195018187
2002-07-03,-37.97789292884847,-12.059833787192698,26.005119546386524,-0.7694299777503735
2002-07-04,-38.45206186058735,-10.625835132835023,24.5262855083903,0.9081901762722162
2002-07-05,-37.91139554868221,-9.290111032915593,24.012915575780514,2.0864188854531722
2002-07-06,-36.91391989034931,-9.583412838471725,23.677735920338183,3.6691021121806555
2002-07-07,-34.52456942077776,-9.16972084951092,25.553217492581442,3.540387787987776
2002-07-08,-33.21159317666529,-8.52266847549155,26.227079214847357,3.6478185942821786
2002-07-09,-34.155473109391515,-8.5414734642082,25.214204697921932,3.988213899300382
2002-07-10,-34.361709320370956,-8.033763140647482,26.254589689981664,4.1908213532006275
2002-07-11,-33.881358775499805,-7.837537568899401,24.444924277325395,3.2091610599611116
2002-07-12,-32.653958357671584,-5.750801049678847,25.44527507583845,3.5933055433982166
2002-07-13,-32.805323815042094,-4.638008365176173,24.83227612980849,3.2698877470247076
2002-07-14,-32.48659856848651,-4.28774480835918,23.5091705489004,3.801096514325901
2002-07-15,-32.23462749240571,-3.268704175782643,24.67574365828089,3.2107561835089373
2002-07-16,-32.33608862356065,-2.1806167984698526,24.457063633616258,2.553619477671008
2002-07-17,-33.10427026892556,-2.1784449098111582,24.74972772960036,3.587657332178524
2002-07-18,-32.56526725740704,-3.6720545757035516,26.02924572854206,2.6544518958848013
2002-07-19,-32.544252131977075,-4.245214916721294,27.97268466611106,1.8670265230867855
2002-07-20,-32.735638363980804,-4.419477137140408,27.2277703653995,2.8153327614265558
2002-07-21,-32.6767742705502,-3.2242180589057057,27.319826347485513,3.8487645906706645
2002-07-22,-32.03926870661733,-3.0980853428952075,26.99944887719428,3.011486214859738
2002-07-23,-31.988555727477742,-4.2251221338218565,25.52764044644405,3.752140507193503
2002-07-24,-30.945247034871077,-3.579125075300162,24.861442793836755,4.5176395630889274
2002-07-25,-31.449365110169197,-3.5048530067242476,24.45568810427672,4.167924000074519
2002-07-26,-31.638198483045432,-2.601417971390057,24.063175004357994,4.068398189385006
2002-07-27,-31.313936085023595,-2.481769786095615,24.09630580739456,4.233016695921348
2002-07-28,-32.4484462251817,-2.7170651715751224,22.60194901225399,5.530194282393508
2002-07-29,-31.976609061981502,-2.8875388996750995,22.00684992287329,7.540442672181927
2002-07-30,-30.925093199632077,-2.2739649614124655,22.571762245534995,6.249219823495917
2002-07-31,-30.627759793141333,-0.43252026295249757,23.50070496106211,6.954337223129536
2002-08-01,-30.03834324225722,-1.7213583061005644,25.425223499390754,6.402520758583922
2002-08-02,-29.07541024925763,-2.396366533230658,27.56635848466604,8.479312646263475
2002-08-03,-27.738657196012998,-1.6250261638574504,28.378601513565094,7.794346036024193
2002-08-04,-27.703946774086567,-2.281436399952381,28.500264364311658,9.031560656996602
2002-08-05,-27.08719447612587,-3.271179320895495,28.881726037561847,8.65535948606013
2002-08-06,-29.188672516332225,-5.012447458029287,28.57257979382323,9.866426945766511
2002-08-07,-29.582006691598206,-4.968260775981421,29.062104391231124,10.374554133018812
2002-08-08,-30.863078896122907,-3.571752027108619,27.3334226937745,9.463917550625862
2002-08-09,-30.884275786150212,-3.2384865586474003,28.498172612519294,8.872034413547816
2002-08-10,-29.776171053186342,-3.863989111176275,28.72685451563263,7.3641154431333495
2002-08-11,-29.523246461785003,-1.977173912771544,27.86428491590713,6.075496864349981
2002-08-12,-28.75257461310083,-2.766858942315203,26.97313599999686,6.656629456170111
2002-08-13,-28.285227231697718,-2.415611778681907,27.415349306738,6.235988374533643
2002-08-14,-29.958476997978078,-2.586485638861807,26.474520759273084,5.6353416984808895
2002-08-15,-32.11605568499421,-3.118449174059685,26.868697475830803,4.552164227121873
2002-08-16,-31.75088795534381,-2.979309561922882,26.772177147286264,3.7511459950727395
2002-08-17,-30.770569302432854,-2.1973896471844894,26.723315641499134,4.499924131459077
2002-08-18,-33.62025187913687,-1.3975600736838685,26.747550051402452,4.207236676773899
2002-08-19,-33.6186044633237,-2.9715699535404285,26.773321759211996,6.7270335950165565
2002-08-20,-33.9540663008904,-3.6827259296167694,28.292373240560277,7.836464724763901
2002-08-21,-34.330226870321255,-3.1574175179706385,27.573638250407303,8.560446859125875
2002-08-22,-31.52786471167081,-3.608431995856546,27.026153939718135,9.931392875853868
2002-08-23,-31.730979184293194,-3.175655939346466,27.56134446062947,8.824887174526724
2002-08-24,-30.532000329613403,-3.0223393340768676,28.1516474035927,8.613967180753248
2002-08-25,-29.61990883593949,-2.7997074615142696,25.485675958820895,9.183184982549033
2002-08-26,-30.074680451234276,-2.268136969382031,24.62669395736801,8.38436985133069
2002-08-27,-30.95045478946777,-4.468375108014953,23.027090962681623,7.15812741932064
2002-08-28,-30.748157349912802,-2.3855277845721865,24.50719373887151,7.834367452288328
2002-08-29,-29.488521837645425,-4.58461018683942,25.324375107191962,8.412859804326443
2002-08-30,-28.697965898388993,-4.154005683147348,25.038863318496933,8.654178573942998
2002-08-31,-29.65879225871376,-6.454290780597543,24.306162298439023,9.529556426885893
2002-09-01,-30.739320566759087,-4.816025038234674,25.22852759899338,8.017793611102348
2002-09-02,-29.178881789427354,-4.082218118398545,26.09293388774903,9.155842871087176
2002-09-03,-30.42068287581908,-4.2404811718531,25.955794140985198,8.807179089470882
2002-09-04,-31.126803880600555,-3.1612773985763445,25.462444637612563,8.009128695988483
2002-09-05,-32.09836468553668,-3.0018272503934056,24.191458939706667,7.675420654004256
2002-09-06,-31.673002227685537,-2.1825423076458796,24.72097129547599,9.780643850685864
2002-09-07,-31.152883455055008,-0.3901210062405329,25.359688396197722,7.945437886472895
2002-09-08,-32.12582494865438,-1.149370250703858,25.715471829155323,8.157728898871984
2002-09-09,-32.107622985339944,-1.4529544980011462,26.782857721792798,8.919513708886313
2002-09-10,-31.67387038498773,-2.5530382763882917,28.20894582719598,7.782156082254968
2002-09-11,-33.0304962558655,-1.93913285609952,27.10010522720548,8.659005857334689
2002-09-12,-34.09571716732948,-2.2621992483828133,27.48445602757021,9.218907194537692
2002-09-13,-33.74491555643716,-2.8377997583174728,29.015574217205927,7.3929831473108685
2002-09-14,-33.19166510490024,-3.6324407353687445,29.801455025653702,7.2747947298907185
2002-09-15,-33.19387964577616,-4.4077126921618515,31.075877218431096,6.415561060437636
2002-09-16,-33.54254414794364,-5.04197541901818,30.995506966822532,4.909836334270663
2002-09-17,-34.1984397578563,-5.910285595291769,31.605986145669075,5.4722662887226665
2002-09-18,-34.41322824486,-5.703755464742225,31.452553652768888,6.326348585831048
2002-09-19,-33.65956284662931,-5.232782108780894,30.690217685006658,6.5774940805962565
2002-09-20,-33.23806210034839,-4.36573867465791,31.125706141769932,5.0109156849384915
2002-09-21,-33.818885995548115,-3.7829783376033603,31.191372566816852,4.535679609404681
2002-09-22,-32.75276313984507,-4.924343732338185,32.35669007158643,2.228646308674433
2002-09-23,-32.91575614142975,-6.303127673140018,33.29303250641267,3.1480610767890473
2002-09-24,-33.08636693598582,-5.454657216233855,32.54341657463156,4.23485908029996
2002-09-25,-34.81388469302053,-5.151295761257164,33.70728226289435,2.04007136773733
2002-09-26,-33.58817676856476,-3.784652637630532,34.846353252454094,2.2059196812468125
